,_id,favorites,geo,hashtags,id,mentions,retweets,text,user
0,598506bd76d31349b060b218,1,,#ItIsNotEasyBeingACockapoo,893258813557669890,,0,The excitement was a bit too much. The baby Lizzie rescue and rain messing up his beautiful hair just got to him. #ItIsNotEasyBeingACockapoo pic.twitter.com/sujBlSkdeB,Sweet_C13
1,598506bd76d31349b060b219,0,,,893255329508728834,,0,"56 Free or Discount Inspirational Books for 8/3/17 I suggest ""Maker of the Rain "" by A. Williams (last row of list) https://www. lifeversebooks.org/56-free-and-di scounted-inspirational-book-deals-for-8317/ …",JanetK_FL
2,598506bd76d31349b060b21a,0,,,893253291316043776,,0,"And here comes the rain , they better get these runs back and quick, cmon yanks, we are better than this",MeehanLori
3,598506bd76d31349b060b21b,7,,,893248009659699200,,0,The Mercers. Let it rain :),CmonPeopleNow
4,598506bd76d31349b060b21c,0,,,893235541033996289,,0,Some pretty serious sideways rain .,BriggsTheGreat
5,598506bd76d31349b060b21d,0,,,893232963785076737,,0,Yesterday Chanel and her own Warrior managed to fit in some fun in between the rain . It was wet… https://www. instagram.com/p/BXWRJcFF8JU/,RCREquestrian
6,598506bd76d31349b060b21e,0,,,893231973925302272,,0,well my life just flashed before my eyes. fuck this rain .,itsjohnlopez
7,598506bd76d31349b060b21f,0,,#Glory #Rain,893227876740452352,,0,Looking like 2 days no cheer practice !!! #Glory #Rain,iamladyv
8,598506bd76d31349b060b220,0,,,893222867458023424,,0,"Tbh, I need this rain to stop before I'm headed home. I am nowhere near mentally okay enough to drive home in this shit",paralove16
9,598506bd76d31349b060b221,0,,,893222090681221121,,0,Nite nite. A warm day here. Where is the 50% chance of rain . Took afternoon nap with mom. She is trying to catch up on sleep. Hugs and purrs,SweeetWilliam
10,598506bd76d31349b060b222,1,,,893218193866719235,,0,"Only the sound of rain makes that any better, sounds awesome. *yawns*",Whirledpeas4u4m
11,598506bd76d31349b060b223,0,,,893214707015983104,,0,Rain in Dominica http:// fb.me/A9VqDU5Z,zacamillion
12,598506bd76d31349b060b224,1,,,893214367440830464,,0,We received 2 inches of rain in a half hour in the Ruskin Florida area,JoelDeb
13,598506bd76d31349b060b225,2,,#storm #ship #rain #clouds #tampabay,893213977307688960,,0,Storm coming in over Tampa Bay. Shot coming over The Sunshine Skyway Bridge. #storm #ship #rain #clouds #tampabay … http:// ift.tt/2vuswky pic.twitter.com/1VLB55Tywd,Christybelle
14,598506bd76d31349b060b226,0,,,893213858848026632,,0,69 days since my last cig. I would enjoy getting drenched trying to hit one in the rain right now!! Does that feeling ever end?,toniageez
15,598506bd76d31349b060b227,0,,#Florida,893207361774661632,,0,"Life isn't about waiting for the storm to pass, it's about learning to dance in the rain #Florida ! pic.twitter.com/CjyHysa91P",FloridaTweetzz
16,598506bd76d31349b060b228,0,,,893205996797079553,,0,"POTUS can't help himself, he'd lie about the weather if he were standing outside in the pouring rain he'd swear it was sunny.",Kauaigold
17,598506bd76d31349b060b229,0,,,893205801715814401,,0,Bitch out here lookin mad cute and casual but it doesn't matter cause of this damn rain and I have errands to complete,LolitsShenail
18,598506bd76d31349b060b22a,1,,,893204913056096256,,0,"I don't have my rain jacket bc me :"" nah I'll leave it in Orlando I'll b fine"" mom: "" lets go around town"" me: "" lol ok"" it's raining.",ohlawdKayla
19,598506bd76d31349b060b22b,0,,,893203052571889665,,0,Here comes the rain,Trill_BeautyxD
20,598506bd76d31349b060b22c,0,,,893200143314563073,,0,Right?! Like um.....okay? This is Florida. Do you want me to stop the rain too?,missmeloh8
21,598506bd76d31349b060b22d,0,,,893196598922158086,,0,Bleeping rain ! Hope concrete is ok!... — feeling pissed off,moolhuizen57
22,598506bd76d31349b060b22e,1,,,893188409317105664,,0,"However much rain you are imagining us having in north Florida, multiply it by ten, and you'll be within shouting range of the truth.",timothy_boothe
23,598506bd76d31349b060b22f,2,,,893184533213958144,,0,I've been laying in bed all day. I hate feeling crappy but the rain made it nice and peaceful at least,saltwaterqueene
24,598506bd76d31349b060b230,147,,#LoveFL #fishing,893183030818471936,@RealSaltLife @HobieCatCompany @Sunsect15 @VISITFLORIDA @CortlandLine,23,'Member when it didn't rain erryday & we could fish? @RealSaltLife @HobieCatCompany @Sunsect15 @VISITFLORIDA @CortlandLine #LoveFL #fishing pic.twitter.com/UZZOQlwW2c,SaraSnedal
25,598506bd76d31349b060b231,0,,,893179768459468801,,0,Isaiah and I are outside watching the rain .,seguran_17
26,598506bd76d31349b060b232,0,,#sobeautiful,893179061249462274,,0,love the rain . #sobeautiful pic.twitter.com/Qjz2cfJk3g,seguran_17
27,598506bd76d31349b060b233,0,,,893173053483560961,,0,Rain delays really grind my gears pic.twitter.com/VLbNrTTS3e,KillerKeller34
28,598506bd76d31349b060b234,0,,,893172633549910016,,0,got the money now time to get the grades,RainAudet
29,598506bd76d31349b060b235,12,,#AirCommandos,893169884787613696,,5,"Maintenance #AirCommandos accomplish the mission, rain or shine, they understand the importance of providing aircraft, any time, any place. pic.twitter.com/xoinwSsvor",Hurlburt_Field
30,598506bd76d31349b060b236,1,,,893166988780077061,,0,rain drop,thebougiewolf
31,598506bd76d31349b060b237,13,,,893159544574103553,,0,i would really like to know what sparked my irrational fear of driving in the rain i used to be able to do 80 through a hurricane???,tiniemilei
32,598506bd76d31349b060b238,1,,,893151187419230209,,0,I played with a pickup team at the door and Rain looked like he'd never played Halo before. And I always give him shit about being ego'd lol,AF_Reality
33,598506bd76d31349b060b239,2,,,893141617091256320,,1,Sharing a beautiful day before more rain comes. May everyone have a peaceful and safe day. pic.twitter.com/0nec3lV64Z,RobinMHMiller1
34,598506bd76d31349b060b23a,0,,#flowers #roses #rosebuds #softcolors #pastels #peach #rosesintherain,893122551706267648,,0,roses in the rain #flowers #roses #rosebuds #softcolors #pastels #peach #rosesintherain https://www. instagram.com/p/BXVe-IDFKHa/,ITriedItOut
35,598506bd76d31349b060b23b,0,,,893108949385441281,,0,"Good morning Michael... Oh my goodness... That's way too hot. Our high today is 90, luckily rain has cooled us off. Take care. HAGD",rkmeeks7
36,598506bd76d31349b060b23c,0,,#NWS_JACKSONVILLE,893103834402357248,,0,#NWS_JACKSONVILLE THE RAIN 'S ON THE WAY...SOON. PROBABLY BY 10:30AM. pic.twitter.com/gZUngrwJld,Comsrvgrp1
37,598506bd76d31349b060b23d,0,,#GrandStrand,893098651316342784,,0,Heavy downpours along the #GrandStrand have moved offshore. Light rain is left right now moving thru N. Myrtle Beach pic.twitter.com/VWJ7jCwLYC,amandahollywx
38,598506bd76d31349b060b23e,0,,,893096242774978560,@YouTube,0,You Should Smile More.... Laughing at the Rain : http:// youtu.be/MzKcQ9EV2cY?a via @YouTube,0Brenna0
39,598506bd76d31349b060b23f,22,,,893087933166747648,,2,"This is the point of the season you must hustle.hustle is the name of the game,if your to slow you'll get washed away like snow in the rain !",MikeAlessi_800
40,598506bd76d31349b060b240,0,,,893078918944755713,,0,"To think this was us 2 years ago. Rain , rain , go away!! http:// fb.me/6i56TPGyC",MirielaRojas
41,598506bd76d31349b060b241,0,,,893075920256458752,,1,Thanks sweets:) any day im not there but anywhere else is enjoyable . Rain or shine,TStarrC
42,598506bd76d31349b060b242,2,,,893072589039570944,,0,"Busy, busy! Ortho appt then a Walk across the street to the gym. If no rain , I will walk home and do an errand!... http:// fb.me/6e2ohIBrT",DianeBerberian
43,598506bd76d31349b060b243,1,,#PoopInAMovieOrSongOrShow #prince,893063969606447104,,0,Poople Rain #PoopInAMovieOrSongOrShow #prince,DarthContinent
44,598506bd76d31349b060b244,1,,,893041079687184384,,0,They're prevalent here in FL (2 diff. kinds) but only 1 or 2 occasionally inside. It's a bit disconcerting but I bet it's cause of the rain .,lablady
45,598506bd76d31349b060b245,0,,,893024525272707072,,0,"Day 3: ARCWP Women Priests Visit Ireland: ""Blessed and Beloved"" Last night the wind howled and the rain lashed... http:// fb.me/ub6ELZvK",sofiabmm
46,598506bd76d31349b060b246,0,,,893024138813739008,,0,"Day 3: ARCWP Women Priests Visit Ireland: ""Blessed and Beloved"" Last night the wind howled and the rain lashed... http:// fb.me/1OoDpuOyF",sofiabmm
47,598506bd76d31349b060b247,0,,,893023955782643712,,0,"Day 3: ARCWP Women Priests Visit Ireland: ""Blessed and Beloved"" Last night the wind howled and the rain lashed... http:// fb.me/47QCsSYO3",sofiabmm
48,598506bd76d31349b060b248,1,,,892967922704019456,,0,And this rain we've had SO much of the last month or two? Grateful for it but the cockroaches have been coming into the house to escape. :(,lablady
49,598506bd76d31349b060b249,1,,,892965376862105600,,0,If the rain blows sideways we're screwed!!,TartiiCat
50,598506bd76d31349b060b24a,0,,,892939611999285253,,0,"What has you pondering love? Ernest understood that if it can't handle some rain , it wasn't truly love...",ElizabethDiGeo2
51,598506bd76d31349b060b24b,0,,,892936663072112640,,0,Jack likes to play hard to get but once that dudes asleep his body becomes a magnet and I'm the fridge,RainAudet
52,598506bd76d31349b060b24c,3,,,892931759410745344,,0,Made a drink & listening to the rain !! Feeling horny!! Who wants to play on Skype?? Booking Shows! Msg me!,JamieSynn
53,598506bd76d31349b060b24d,0,,#mPLUSPlaces,892919860069634049,,0,I just checked in at Rain Dancer with #mPLUSPlaces Download today! http:// bit.ly/gomplaces,Wisebiz247
54,598506bd76d31349b060b24e,0,,,892917691425673216,,0,"Rain , Rain go away!",EIAHORSES
55,598506bd76d31349b060b24f,0,,,892915437146697728,,0,Rain Sound and Rainforest Animals Sound - Relaxing Sleep http:// fb.me/9f3b7gtmJ,longlegz69777
56,598506bd76d31349b060b250,0,,,892913600368607233,@Pellz93,0,"@Pellz93 If you're going to blame the rain , you must be struck out because there's no personal gain, this brain, or this train on this reign https:// twitter.com/pellz93/status /892911918469480448 …",Ethanpond4
57,598506bd76d31349b060b251,0,,,892913212487872512,,0,praying our tickets are eligible for rain checks,__marby
58,598506bd76d31349b060b252,0,,,892912098065481728,,0,From mr.henry_the_frenchie - Hanging out in the rain with my sister Star. Isn't she pretty?… https://www. instagram.com/p/BXT_RIWDqn7/,Pitbullgear
59,598506bd76d31349b060b253,0,,,892908258758971392,@that,0,3 stars of Yankees 2-0 loss 1. The fans who stayed through the rain delay 2. The rain delay 3. Tanaka he only gave up 2 @that ain't bad,SportsnFlixs
60,598506bd76d31349b060b254,1,,,892906487672176640,,0,i'm the child,RainAudet
61,598506bd76d31349b060b255,3,,,892903768236359680,,0,"""We are too ... rain and rainbows here...""",MyGoatsRule
62,598506bd76d31349b060b256,0,,#Film,892902370283225089,,0,"#Film - For new production, Foothills Community Players celebrates 'Singin' in the Rain ' http:// ow.ly/qHQu50dbryE",FlickerCity
63,598506bd76d31349b060b257,0,,,892900772307927040,,0,"Clearwater, Fl got more rain today then we did when tropical storm Emily was here.",moVSmuhammad
64,598506bd76d31349b060b258,1,,,892900550773276676,,0,its like you open your mouth and it comes out and diffrent cords WOW the purple rain you did was off the chain my man :),lisatalley045
65,598506bd76d31349b060b259,0,,,892899836974034944,@Lana,0,Things I did during the Yankees rain delay 1. Meditated 2. Had a salad 3. Looked at Lana Berrys web site (hi @Lana ) 4. Went outside (really),SportsnFlixs
66,598506bd76d31349b060b25a,0,,,892899231270400001,@JBrewerBoston25,0,@JBrewerBoston25 Tampa rain pic.twitter.com/VfCxez5rWr,JoelDeb
67,598506bd76d31349b060b25b,0,,,892889842010525697,,0,My practice was canceled too due to rain . Hope it is dryer tomorrow,mrsfinn7
68,598506bd76d31349b060b25c,6,,,892886166227308544,,2,I am sick of this rain .,averyswallace
69,598506bd76d31349b060b25d,0,,#NikePlus #Running,892885390767661057,,0,Getting in some distance before the rain came back. #NikePlus #Running https://www. instagram.com/p/BXTzGjmjry7/ pic.twitter.com/Q5vxPe2Wsd,TomCroom
70,598506bd76d31349b060b25e,0,,,892884847915618304,,0,The Indian river after the rain this afternoon. pic.twitter.com/hLjXSJH94e,CSaussy
71,598506bd76d31349b060b25f,1,,,892880624402518016,@shadowboxer50 @YouTube,0,@shadowboxer50 Purple Rain - Brad Battle (Live Cover) https:// youtu.be/4wb65zPWr9I via @YouTube,lisatalley045
72,598506bd76d31349b060b260,38,,,892879990060183553,,1,"I got 0 rain , get rekt",AciDicGamerz
73,598506bd76d31349b060b261,1,,,892867349807865856,@badjokesmike,0,@badjokesmike We only got some rain and minor wind. No big deal. But thanks for checking!,Karen_Hooper
74,598506bd76d31349b060b262,1,,,892862287870136320,,0,damn is it gon rain everyday,Arkell8jones
75,598506bd76d31349b060b263,2,,,892861448992559108,,0,"""just FLA rain ""?! you mean you are used to kayaking... — Pretty much. TBH I didn't even know there was a tro... https:// curiouscat.me/296108682/post /188811758?t=1501709732 …",Styles_Justinn
76,598506bd76d31349b060b264,0,,,892860379176599553,,0,Soul For Real - Candy Rain,386jamzradio
77,598506bd76d31349b060b265,10,,,892858334528901121,,0,Did you see that crazy mad amount of rain and flood... — The tropical storm? Nah that was just Florida rain lol https:// curiouscat.me/296108682/post /188801429?t=1501708990 …,Styles_Justinn
78,598506bd76d31349b060b266,1,,#Yankees,892851995618545666,,0,"Its in a Rain delay, and I needed a break anyway...totally frustrating game...gonna meditate for 20 LetsGoYankees #Yankees",SportsnFlixs
79,598506bd76d31349b060b267,3,,,892849611668418560,,0,"Love when my friends say ""no worries"" when I can't hang out cause I always feel rly bad and then they say that and I'm like *phew!*",RainAudet
80,598506bd76d31349b060b268,0,,,892844750054858752,,0,Lots of rain today...street is flooded again!,CapnTomMacy
81,598506bd76d31349b060b269,0,,,892843734907453441,,0,C'mon back! Florida rain never stops,brandiparigian
82,598506bd76d31349b060b26a,6,,,892831279724539906,,0,Oh hey now! Look whose flying in the rain ! pic.twitter.com/PLORg1nWX9,Bess_Auer
83,598506bd76d31349b060b26b,2,,#plants #nature #colorful #scfnow,892830113619787776,,0,"After all this rain , there is no shortage of color on campus #plants #nature #colorful #scfnow … https://www. instagram.com/p/BXTZ-91BpOx/",SCFnow
84,598506bd76d31349b060b26c,1,,,892825718148694017,@USPS,0,Thank you again @USPS for delivering my expensive electronics to the ground outside in the rain . You guys rock. pic.twitter.com/qRXp58BSqC,otto_maddux
85,598506bd76d31349b060b26d,0,,,892822670663921664,,0,Currently trying to fathom how it can possibly rain this much go Florida,b_b_lee2k17
86,598506bd76d31349b060b26e,0,,,892819413958832135,,0,Severe weather warning. Expect strong winds and heavy rain . http:// fl511.com/List/Alerts,fl511_state
87,598506bd76d31349b060b26f,0,,,892815257026125824,,0,Too good to be true going to get a rain storm going up to Port St. Lucie pic.twitter.com/IBDcMVpYp1,francey52
88,598506bd76d31349b060b270,1,,,892810378677276672,,0,Fiance is taking me to work on my first day so I won't get caught in the rain walking there!!! Such a sweet surprise,xominimo
89,598506bd76d31349b060b271,4,,,892809023065600003,@hurtfullgem,0,"Weather since 7am If not earlier, didn't wanna get out of bed today. *less than an inch expected"" 6 hrs l8tr-> rain & thunder @hurtfullgem pic.twitter.com/o1SzxirZNp",Punkichu
90,598506bd76d31349b060b272,0,,,892807929111482368,,0,I need this rain to hold off while I take care of something real quick,_BRE_YONCE_
91,598506bd76d31349b060b273,0,,#365project #myflowergarden #myflorida #nikon #nikonphotography #flowersoninstagram,892807690493276173,,0,Rain lily #365project #myflowergarden #myflorida #nikon #nikonphotography #flowersoninstagram … https://www. instagram.com/p/BXTPyO7jM4g/,SDWAuthor
92,598506bd76d31349b060b274,1,,,892806091310067712,,0,wish the rain would stop so my mental disorders would quit acting up. i need my sunshine,mcrlover2006
93,598506bd76d31349b060b275,0,,,892804929232003074,,0,i wonder how artwalk is gonna turn out. its pouring rain,freyjabjorns
94,598506bd76d31349b060b276,1,,,892804848705523713,,0,"Yeah storms are great :3 This one is just right, not too severe, nice and comfy. distant thunder, medium rain",guscraw
95,598506bd76d31349b060b277,6,,,892801434957336576,,1,Sitting watching the rain fall today pic.twitter.com/SFd9szdGxh,SouthernSirsPl
96,598506bd76d31349b060b278,0,,#SCWx,892798521967071232,,0,Umbrellas will be useful by the end of the week. Moisture is moving back in & rain chances are going back up. #SCWx pic.twitter.com/p21Spg7Joa,amandahollywx
97,598506bd76d31349b060b279,0,,,892796978769383424,,0,Nothing brings rain faster than leaving your umbrella in the car! pic.twitter.com/7J6YIMS2AQ,sgalpin816
98,598506bd76d31349b060b27a,0,,,892789639815344128,,0,"Yesterday I had to put my sunglasses on while driving in the rain . It was that sunny, but still raining.",LabbyDragon
99,598506bd76d31349b060b27b,1,,,892787487738875904,,0,Same w jack :/,RainAudet
100,598506c276d31349b060b27c,1,,,892787435519823873,,0,"My last discussion for world history 2 was ""Hitler was a great leader, defend or refuse"" she trying to start a fist fight",RainAudet
101,598506c276d31349b060b27d,0,,,892773458056228865,,0,"She acts like summer, walks like rain .",TasherElle
102,598506c276d31349b060b27e,0,,,892773054895595522,,0,"Unrelated, there's something about just sitting in the car and listening to the rain hit the roof that's incredibly soothing.",ZiasToybox
103,598506c276d31349b060b27f,0,,,892769363429908480,,0,Oh goody...more rain .....-.- pic.twitter.com/nBnAju74To,Hi_Im_Rav
104,598506c276d31349b060b280,0,,,892767923433066500,,0,This rain has me feeling lazy. Had to do some push ups to get going,LayLue
105,598506c276d31349b060b281,0,,,892767698303819776,,0,No rain today we bout to slide pic.twitter.com/9bXNSVqrpq,Floridaboy001
106,598506c276d31349b060b282,0,,,892766721492140037,,0,"With all this rain here in West Texas, I got the beach to come to me. Loving it. Odessa Beach.",coffeebreakDave
107,598506c276d31349b060b283,1,,,892763665589571584,,0,"Went home to Islamorada that night,the rain sounded like Baseballs!",orkiddziner
108,598506c276d31349b060b284,0,,,892757475958640640,,0,As in pluck them if that's not obvious,RainAudet
109,598506c276d31349b060b285,0,,,892755665999081472,,0,Do u do ur own eyebrows?,RainAudet
110,598506c276d31349b060b286,0,,,892753640955547650,,0,Everglades guy said 1 day water was so low air boats ran aground. Next day it was flooded from rain alone. Water level under whole state https:// twitter.com/bbleab/status/ 892595341538754560 …,CaroleMyers
111,598506c276d31349b060b287,0,,,892752490726346753,,0,Yes the Electoral College decides the Prez not the Popular vote Rain Brain! Now based on what we've seen from Beavis Admin. in just 7 mos?,DAustin96
112,598506c276d31349b060b288,0,,,892748416689876992,,0,The rain 's gone for now,MrCRoseBug
113,598506c276d31349b060b289,0,,#Florida,892739278710743040,,0,"Life isn't about waiting for the storm to pass, it's about learning to dance in the rain #Florida ! pic.twitter.com/CjyHysa91P",FloridaTweetzz
114,598506c276d31349b060b28a,0,,,892735105688625152,,0,Yuck. Nasty flys. It's supposed to rain all day. Mom will get wet.,SweeetWilliam
115,598506c276d31349b060b28b,6,,#NASHNext,892720594399178752,@NashNext @KickSomeNash @NASHFM1033 @romance_radio,1,Waiting on these #NASHNext results is like waiting for Rain during a drought. Ahhhh!!! @NashNext @KickSomeNash @NASHFM1033 @romance_radio,xostefxo415
116,598506c276d31349b060b28c,2,,,892718636997242880,,0,"Good morning and happy day. Thankfully no rain here yet, just a very rumbly sky",SouthernSirsPl
117,598506c276d31349b060b28d,1,,,892717057095151618,,0,idc if it's gonna rain my ass going to the beach and getting these minimal hours of sunshine then will eat seafood when it rains,mkimberlyj
118,598506c276d31349b060b28e,0,,,892715050368208896,,0,Morning. Ooh. Flystrike sound nasty. Must Google it. Have a nice day. Cool morning so far. Must have slept thru the rain . Hugs and purrs.,SweeetWilliam
119,598506c276d31349b060b28f,0,,#rain #willtko #drake #6gods,892709437873508353,,0,What a rainy day... CRAZY I know but just listen #rain #willtko #drake #6gods … https://www. instagram.com/p/BXSjGVeB9Eb/,Will_TKO
120,598506c276d31349b060b290,0,,,892704175443890176,,0,Woohoo more rain . I'm already in my back yard. https:// twitter.com/GregDeeWeather /status/892701819650048000 …,Kpb90058
121,598506c276d31349b060b291,1,,,892684059419320321,,0,Mother of All Rain Bombs https:// twitter.com/ryanmaue/statu s/892570275765682176 …,MoviePaul
122,598506c276d31349b060b292,1,,,892613878697394176,,0,Why are people suddenly talking about the rain forest cafe,BelaBo0
123,598506c276d31349b060b293,1,,,892610684193828864,,0,"Waiting for you Is like waiting for rain in this drought, useless and disappointing.",Yumcouturee
124,598506c276d31349b060b294,0,,,892593737695625216,,0,"Exactly it. Sea level's rising under the ground, not just rain coming down. We were only 8' above sea level. Bet it's 6' or less now.",CaroleMyers
125,598506c276d31349b060b295,0,,,892589601323458564,,0,This was just your average summer rain day in Miami. My family's been in So FL for 100 years. This only happened in hurricanes til recently. https:// twitter.com/Tomaskenn/stat us/892490773823979521 …,CaroleMyers
126,598506c276d31349b060b296,1,,,892587548278763520,,0,Rain bombs? Okay retard. Sure. https:// twitter.com/cnn/status/892 553597917048835 …,hastij04
127,598506c276d31349b060b297,0,,,892586765856382976,,0,"Current Conditions : 76.5F / 24.7C, Light Rain - 11:22 PM EDT Aug. 1 http:// dlvr.it/Pb9dY6",Markbyrd777
128,598506c276d31349b060b298,0,,#nature #plants #green #rain #Florida #raindrops,892582218262040576,,0,"""Nature does nothing uselessly""-Aristotle #nature #plants #green #rain #Florida #raindrops … https://www. instagram.com/p/BXRpQQhAsF9/",yayitsbecca
129,598506c276d31349b060b299,0,,,892572152721022976,,0,Wow! That's a lot of rain !!! https:// twitter.com/7weather/statu s/892571599408443393 …,AnotherTweet
130,598506c276d31349b060b29a,0,,#InsaneRain #crazy,892571802714636288,,0,Where’d this rain come from??!!! #InsaneRain #crazy,Ladezire
131,598506c276d31349b060b29b,0,,,892567000756752385,,0,You try to cram 8 inches of rain into ANY city and see what happens.,joelapp
132,598506c276d31349b060b29c,0,,,892566001019228160,,0,Great! Because a lot of rain is on its way lol.,g0ld_mag1c
133,598506c276d31349b060b29d,5,,,892565010425274374,,0,do you ever spend time outside and it doesn't rain all day and then suddenly it starts pouring down rain hard for five minutes and stops,pameatsbabies
134,598506c276d31349b060b29e,7,,,892564422119522304,,0,"I guess they were trying to hide Trump's "" rain man"" responses. We see them again! It's every time he speaks without a script.",aandbz
135,598506c276d31349b060b29f,0,,,892559507892699138,,0,Any suggestions for how to get directv on a smarttv (without screen mirroring) when the rain kills the signal during football games?,fsutanker
136,598506c276d31349b060b2a0,0,,,892554732300054528,,0,A Lesson Learned From Walking In The Rain http:// vanessaleenic.com/2017/08/02/a-l esson-learned-from-walking-in-the-rain/ … pic.twitter.com/kfVLtc6Nmy,VanessaLeeNic
137,598506c276d31349b060b2a1,0,,,892553638564032518,,0,The whale dies. Alone. In the rain .,the_deep_magic
138,598506c276d31349b060b2a2,1,,,892549065694736384,,0,"Yes, you have to watch the sun. It's cool here after all the rain .",rkmeeks7
139,598506c276d31349b060b2a3,2,,,892539054977318913,,0,she's so cute and this week she turned up again and looked skinny and a bit downtrodden especially after the rain,mirrordarkling
140,598506c276d31349b060b2a4,0,,,892535865381195776,,0,"Happy Belated Birthday Momma Jo! I was celebrating at Harry World with a frozen butterbeer, and the lovely rain . Hope your day was great!",artdebogallery
141,598506c276d31349b060b2a5,5,,,892528002608898049,,3,Marco Rubio has not even done a shout out to Miami which is flooded right now. Rain dumps a sign of climate change. https:// twitter.com/christophcrews /status/892527283684220928 …,LeChatNoire4
142,598506c276d31349b060b2a6,1,,,892526913545261056,,0,I was sad and jack made buffalo wings out of cauliflower and now I'm happy,RainAudet
143,598506c276d31349b060b2a7,2,,,892525420742049793,@RachTheRapper,0,"Me: Could you imagine riding home in an open jeep in the rain ?! @RachTheRapper :I mean yeah, I've got a pretty good imagination",jennlikestweets
144,598506c276d31349b060b2a8,1,,,892519237675307008,,0,Just trying to relax on a rainy Tuesday evening. Love the rain .,MVirginia82
145,598506c276d31349b060b2a9,0,,,892517614781698049,@united,0,United Airlines leaves dog in pet carrier sitting outside in the cold rain @united never use this airline http:// honesttopaws.com/united-airline s-dog-controversy/?pas=1&as=589TTD …,agada1
146,598506c276d31349b060b2aa,0,,,892514640764313600,,0,Stupid rain ..... waiting until it stops... sigh...always something,mianji8579
147,598506c276d31349b060b2ab,0,,#caughtintherain,892511839057321984,,0,I didn't beat the rain today. #caughtintherain pic.twitter.com/QJn1mQO6Nu,Laurensaga
148,598506c276d31349b060b2ac,0,,#SameStars,892505282865188864,,0,"When the weather man says it’s alright, either way it’s gonna rain . I tried my hardest to call you, but I couldn’t find it in me. #SameStars",wearebearcubs
149,598506c276d31349b060b2ad,1,,,892504020375527429,,0,"Remember the movie "" Rain Man"" as you read the words.",aandbz
150,598506c276d31349b060b2ae,1,,,892501809788485634,,2,"Rick Scott and Marco Rubio. No such thing as climate change with 4"" in 3 hours in Miami? When it rains now it dumps rain . https:// twitter.com/robertsonadams /status/892500941525716993 …",LeChatNoire4
151,598506c276d31349b060b2af,2,,,892501027051667458,,0,"Rain Man! He lives... Have to go to Kmart, definitely Kmart",aandbz
152,598506c276d31349b060b2b0,0,,,892500976384561152,,0,Premium Quality 12′ Hammock Rain Fly & Tent Shelter By Boundary Waterz – Waterproof & Sturdy Construction –… http:// 2gocamp.com/premium-qualit y-12-hammock-rain-fly-tent-shelter-by-boundary-waterz-waterproof-sturdy-construction-lightweight-easy-to-set-up-stakes-included-ideal-for-camping-backpacking/ …,dnv79
153,598506c276d31349b060b2b1,0,,,892496033967734784,,0,"Rain -drenched plus air conditioning is not a fantastic combination, friends. *shivers*",Cait_Greer
154,598506c276d31349b060b2b2,0,,,892494679740207108,,0,Hope it don't rain tomorrow cause I'm tryna slide on my potna,MeTwice_
155,598506c276d31349b060b2b3,0,,,892494507610132481,,0,GANG GANG,Darren_1319
156,598506c276d31349b060b2b4,0,,,892477105216335876,,0,This rain tho <,JustAKidFromDR
157,598506c276d31349b060b2b5,1,,,892476919312199681,,0,"Chill b, people in Miami already don't know how to drive, rain and lightning only make it worse",wavymaurii
158,598506c276d31349b060b2b6,2,,,892474389421318149,,0,Adam Levine + Old Blue + Purple Rain = Perfection,waycoolgizmo
159,598506c276d31349b060b2b7,4,,,892472697309057024,,0,Might have went a little too hard playing in the rain puddle outside my house...my panties are wet,heyitsJaclyn
160,598506c276d31349b060b2b8,3,,,892471480273051649,,0,Perfect weather: Light rain with distant thunder. Such soothing noises.,Kossuel
161,598506c276d31349b060b2b9,0,,#BecauseFlorida,892468135114268674,,0,Sunny rain #BecauseFlorida,omidyea
162,598506c276d31349b060b2ba,0,,,892433971614822400,,0,"That's not flooding, that's heavy rain . Sarasota is fine! https:// twitter.com/firecom_mel/st atus/892042150841634818 …",aedmondsauthor
163,598506c276d31349b060b2bb,1,,,892433893969756160,,0,"Sunshine or rain , Florida drivers are always an effin' pain.",hvnlydaze
164,598506c276d31349b060b2bc,0,,,892430347761221633,,1,"""There's gonna be some rain There's gonna be some pain""",_BRE_YONCE_
165,598506c276d31349b060b2bd,0,,#quote #chainsoff #lastdays #EndTimes,892418835483066368,,0,"Raise your words, not voice. It is rain that grows flowers, not thunder. - Rumi #quote #chainsoff #lastdays #EndTimes",chainsoff
166,598506c276d31349b060b2be,2,,,892418320829485057,,1,"Omg this rain , y'all be safe driving out there..",_ToxicatedSoul
167,598506c276d31349b060b2bf,2,,#Golf,892404727174107137,,4,"Bobby Jones #Golf Club is still rain soaked & temporarily closed w/unplayable conditions. Weather permitting, the course will reopen tmrw. pic.twitter.com/NZzoopZCtR",CityofSarasota
168,598506c276d31349b060b2c0,1,,#bromeliads #tropicalplants #FL,892395746233810944,,0,Bromeliad's cupped shape growth holds the rain which is the primary support for hundreds of species of life. #bromeliads #tropicalplants #FL,JoniSueThum
169,598506c276d31349b060b2c1,1,,,892392231361032192,,0,I think the rain we had yesterday was identical to a summer thunderstorm,maddiesmom019
170,598506c276d31349b060b2c2,0,,,892385843800821760,,0,We were lucky & really just had on & off rain !!,anggrand
171,598506c276d31349b060b2c3,0,,,892385501864497152,,0,In Deltona where I live we hardly could tell there was a storm. We got more rain before it than during it.,mindbodythought
172,598506c276d31349b060b2c4,0,,,892379981225046016,,0,I can believe that. That storm was full of rain . I wish you a better day today.,rkmeeks7
173,598506c276d31349b060b2c5,3,,,892376726168363009,,0,Just got my second job and schools about to start full time goooood byeeeeeeee world,RainAudet
174,598506c276d31349b060b2c6,0,,,892358418186387456,,0,"""that guy's out there in the rain ..."" should i give him money?"" ""yes!"" ""ok but wait do you feel it"" ""what"" ""do you feel it in your heart""",mercyfees
175,598506c276d31349b060b2c7,1,,,892353909003563010,,0,Such a beautiful morning after a day of rain yesterday. https://www. instagram.com/p/BXQBbqpALn_/,AllThingsDog
176,598506c276d31349b060b2c8,4,,,892352633469632513,,0,Final greens aerification of the year today. Hopefully the weather holds out. 1.75 rain yesterday. pic.twitter.com/lFtv1VWJxM,JustinCAllison_
177,598506c276d31349b060b2c9,1,,,892349291297210368,,0,No we had a nice gentle rain for the most part most of the day. no tropical wind or anything.,disneydeb67
178,598506c276d31349b060b2ca,0,,#sm31672168,892333460408291328,,0,[My List] 四季折々に揺蕩いて／After the Rain 【そらる×まふまふ】 http:// nico.ms/sm31672168?nic orepotwitter_mylist_video … #sm31672168,Chibikarin
179,598506c276d31349b060b2cb,0,,#TSEmily #Thankful,892329689896939520,,0,"Was actually a bit surprised we didn't get more rain from #TSEmily yesterday, but I am by no means complaining about that. #Thankful",Beau_Denison
180,598506c276d31349b060b2cc,0,,,892319271472201728,@Tebow815,0,@Tebow815 hi sweets!!! Holy Emily rain ! ! After today I'm off for wed-sun pic.twitter.com/Ei2W0WtvlK,TStarrC
181,598506c276d31349b060b2cd,0,,,892252580746858496,,0,this rain rn >,nkiaraa
182,598506c276d31349b060b2ce,5,,,892248604441751552,,0,If risk of rain wasnt broken n' buggy as hell i would totally pull like 15 people to play it,KororoSlowbro
183,598506c276d31349b060b2cf,0,,,892236873426403328,,0,"i love just sittin' in my room and listening to the rain , it be so relaxing",_tizzzzol
184,598506c276d31349b060b2d0,1,,,892229476880351232,,0,Yo it's just rain . Chill lol,Fore1336
185,598506c276d31349b060b2d1,3,,,892228469693833216,,1,I had no idea until I saw it on Snapchat. I thought the rain was what we get daily https:// twitter.com/kellygriffith9 3/status/892057250231177216 …,Truly_Parvina
186,598506c276d31349b060b2d2,0,,#anthonyScaramucci #Keepcancerkidscovered,892225876296859652,,0,"There was Rain , Wind, Flood Warnings, Surge,Tropical Depression Emily #anthonyScaramucci OVER & OUT - What's IN? #Keepcancerkidscovered",kidsforcancer
187,598506c276d31349b060b2d3,1,,,892223878415605761,,0,"Current Conditions : 74.8F / 23.8C, Light Rain - 11:20 PM EDT Jul. 31 http:// dlvr.it/PZwq3L",Markbyrd777
188,598506c276d31349b060b2d4,1,,,892222583885750273,,0,Ty much! I'm in Tampa. Looks like we will get band's of rain but thank goodness it's south of us,bampac29
189,598506c276d31349b060b2d5,0,,,892219464636354564,,0,It's just casual rain calm down https:// twitter.com/kmillerweather /status/892037968755654656 …,analizgarciaYT
190,598506c276d31349b060b2d6,0,,,892216895700684802,,0,Soul For Real - Candy Rain,386jamzradio
191,598506c276d31349b060b2d7,1,,,892214541882454016,,0,thankfully only some rain from Tropical Storm Emily and no flooding,eGolf63
192,598506c276d31349b060b2d8,1,,#mtb #mountainbikeracing #mountainbike #norain,892211695577444356,@stradalli @Stradalli,0,Escaped the Rain @stradalli @Stradalli #mtb #mountainbikeracing #mountainbike #norain … https://www. instagram.com/p/BXPAwdngfI9/,Stradalli
193,598506c276d31349b060b2d9,3,,,892209298549420032,,1,"I live in Charlotte County Florida and so far all we have had is a bunch of torrential rain and gusting winds, so far so good! https:// twitter.com/Breaking911/st atus/892091290703319044 …",UniqueMarique
194,598506c276d31349b060b2da,1,,,892207666243801088,,0,"Fortunately for me just lots of rain , and still raining. But, the Gulf coast got slammed, flooding, some destruction.. sorta bad :(",rkmeeks7
195,598506c276d31349b060b2db,1,,#Emily,892206523799220225,,0,Tornado warning in my area. Heavy Rain with light wind. Effects from TS Emily. Been damped all day pretty much. #Emily pic.twitter.com/XwIaKG4Jkz,sean_kh
196,598506c276d31349b060b2dc,0,,#travel #getaways,892201525724016640,,1,Soldier Gets Out of Car to Salute Passing Funeral Procession in Pouring Rain #travel #getaways http:// dld.bz/fUSqc,DianeCapri
197,598506c276d31349b060b2dd,0,,,892198686125678592,,0,I would just like to emphasize to everyone here that there was a storm that went from normal rain to tropical storm in like four hours today,YAdultescent
198,598506c276d31349b060b2de,0,,,892198518894493696,@CBS12,0,@CBS12 seriously during ninja warrior you had to break in for what 20 + minutes to talk about rain when it's been on screen all night grrr,Turnfor
199,598506c276d31349b060b2df,0,,,892196011380285440,,0,"Gods not dead, thy will, gold,say amen, send the rain",FretwellRaven
200,598506c376d31349b060b2e0,1,,,892195943113785344,@DaniNeckDeep,0,@DaniNeckDeep will there be new rain once warped tour is over?,svvorn_in
201,598506c376d31349b060b2e1,1,,#TropicalStormEmily,892194576194314240,,0,Holy rain batman. #TropicalStormEmily pic.twitter.com/8fMcfxqv5V,FromFL
202,598506c376d31349b060b2e2,1,,,892193623839821824,,1,can't stand the rain in july,AbrahamsTweets
203,598506c376d31349b060b2e3,1,,,892191631130210304,,0,Yeah I did shit sitting outside in the rain,Tonio_SoNice
204,598506c376d31349b060b2e4,0,,,892190592951779328,,0,"Thanks! You too? I was able to not leave the house till noon and by then it was much better. That was a LOT of rain , js.",aurora_g96
205,598506c376d31349b060b2e5,0,,,892188544629952515,,0,My wannabe meteorologist on the other hand is disappointed it was mostly just rain . He's an odd little person.,Sweet_C13
206,598506c376d31349b060b2e6,0,,,892188228782104582,,0,Today has been odd. Bandit is so afraid of rain . I've been carrying him everywhere and I'm pretty sure I popped a disc in my neck again. Oy.,Sweet_C13
207,598506c376d31349b060b2e7,0,,,892185644109377536,,0,I didn't see any tropical storm in my area. Just some rain,Zubatron
208,598506c376d31349b060b2e8,0,,#disney #disneyphoto #disneyworld,892181256846192640,,0,A lovely night atSaratoga Springs before the rain hit. #disney #disneyphoto #disneyworld … https://www. instagram.com/p/BXOy60shKp2/,gfdf_wdw
209,598506c376d31349b060b2e9,2,,,892178331306795008,,0,The sky is sepia toned after the rain here. It's nuts. But over in OTown it looks like this my son sent me it from where he is pic.twitter.com/qcZkGUdGjP,disneydeb67
210,598506c376d31349b060b2ea,1,,,892173265866764288,@BriceSikes,0,@BriceSikes I was going to blame you for all the rain earlier but it hit from the other direction. Enjoy your vacay!,ladydawginfl
211,598506c376d31349b060b2eb,0,,#Florida,892173050187264002,,0,"Life isn't about waiting for the storm to pass, it's about learning to dance in the rain #Florida ! pic.twitter.com/CjyHysa91P",FloridaTweetzz
212,598506c476d31349b060b2ec,0,,#flwx #news,893206936652570625,,0,Severe Thunderstorm Warning in effect in Lake County until 5 PM #flwx #news http://www. simpleweatheralert.com/cgi-bin/weathe rdetail.py?l=FL1258618F4A28.SevereThunderstormWarning.1258618F6710FL.MLBSVRMLB.6cf379d4e9bf1266cc33056f45fe130a&a=012&t=1 …,SimpleWeatherFL
213,598506c476d31349b060b2ed,0,,,893194971569901568,,0,Live from Scan's House Sunday Nights 8PM EST Firday afternoon Thunderstorm mix from beach 6-20-14 by DJ Scan http:// SimplyRadio.com/Electro pic.twitter.com/Qe97o7wWVl,simplyradio
214,598506c476d31349b060b2ee,0,,,893169866512977924,,0,24/7 Live DJ Sets Firday afternoon Thunderstorm mix from beach 6-20-14 by DJ Scan http:// SimplyRadio.com/Electro pic.twitter.com/dAfBFt4Zde,simplyradio
215,598506c476d31349b060b2ef,0,,#EDM #np,893168858919579648,,0,#EDM on http:// SimplyRadio.com : Simply Electro Radio Dj Sets 24/7 Firday afternoon Thunderstorm by DJ Scan #np http:// simplyradio.com,simplyradio
216,598506c476d31349b060b2f0,0,,#happyday,892816067776708609,@FaceOffSYFY,0,@FaceOffSYFY I survived duty. Got home to be attacked a sharkwolf! I survived. Now the weekly thunderstorm . #happyday,warrengonline
217,598506c476d31349b060b2f1,0,,#thunderstorm,892795594418384897,,0,It's a wet one today #thunderstorm https://www. instagram.com/p/BXTKSr2hCDj/,jessev1976
218,598506c476d31349b060b2f2,0,,#aviation,892742306549202948,,0,"Episode 01: Flying into a Thunderstorm , Part 1 http:// dlvr.it/PbGsW5 #aviation",AIN_SkyWriter
219,598506c476d31349b060b2f3,0,,,892629328089034753,,0,"Wednesday Scattered showers and thunderstorms between 8am and 11am, then showers likely and possibly a thunderstorm after 11am.",EmeryAHayward2
220,598506c476d31349b060b2f4,0,,,892627138817536000,,0,* SEVERE THUNDERSTORM WARNING FOR... SOUTH CENTRAL MONTANA... * UNTIL 1145 PM MDT,EmeryAHayward2
221,598506c476d31349b060b2f5,0,,,892463241812684801,,0,this is going perfectly with the thunderstorm happening outside my window right now,clkluvsux3
222,598506c476d31349b060b2f6,0,,,892459501936418816,,0,We got hit with a massive thunderstorm & my boy is scared https://www. instagram.com/p/BXQxcqAl2SD/,MBPhoto10
223,598506c476d31349b060b2f7,1,,,892392231361032192,,0,I think the rain we had yesterday was identical to a summer thunderstorm,maddiesmom019
224,598506c476d31349b060b2f8,0,,,892209444771254272,@Metaspoon,0,Man Films Ocean During Thunderstorm . And Captured Footage Is Sending Chills Down Everyone’s Spine. http://www. metaspoon.com/ocean-thunders torm?so=pgshM& … via @Metaspoon,2nikkiclick
225,598506c676d31349b060b2f9,0,,,893248930917617664,,0,Lightning McCree,cerabeekman
226,598506c676d31349b060b2fa,1,,,893189337650794496,,0,If the universe struck me with lightning rn do you think I would be able to not take my exam and my professor would give me a 100?,whitehead_liz
227,598506c676d31349b060b2fb,0,,#flwx #news,893176601973862400,,0,Strong T-Storm Near Hastings Moving NE At 20 MPH. Excessive Cloud-to-ground Lightning & Wind Gusts... #flwx #news http://www. simpleweatheralert.com/cgi-bin/weathe rdetail.py?l=FL1258618EFB40.SpecialWeatherStatement.1258618F18F0FL.JAXSPSJAX.d80bcc22dc98f45abd9894ca93a3c21a&a=012&t=0 …,SimpleWeatherFL
228,598506c676d31349b060b2fc,0,,,893149259519975424,,0,Lightning Dragon Breeder! I just bred a Lightning Dragon in DragonVale! Visit my park to check it out! http:// bit.ly/A7Dtgj,13_nike_boii_13
229,598506c676d31349b060b2fd,0,,,893138036581650433,,0,"Oh, and now I broke my only lightning cable. pic.twitter.com/n7MtERByLq",jasonpinero
230,598506c676d31349b060b2fe,0,,,893133246686474240,@myleftfang,0,"@myleftfang my new buddy Lightning just moved in with me, he offers his admiration to You pic.twitter.com/v17jNJfuJU",velvetkitty
231,598506c676d31349b060b2ff,0,,,893123897377398784,@YouTube @Hard,0,"I added a video to a @YouTube playlist http:// youtu.be/5Pn0loFlqBw?a .38 Special ""Chain Lightning "" @Hard Rock Casino Biloxi",metalman1767
232,598506c676d31349b060b300,55,,#GoBolts,893105945097760768,@TBLightning,3,Happy Thursday everyone. Here's my little man. Future @TBLightning player :-) Peyton loves his Lightning . #GoBolts pic.twitter.com/4VcmVbkhqy,bunnyshifter
233,598506c676d31349b060b301,0,,,893066253014900737,,0,I had a dream that I woke up from a lightning strike in a dream. then it happened again. and now im actually awake and there's lightning .,Its_Wrath_Hi
234,598506c676d31349b060b302,0,,#lightning,893065218888269824,,0,Wow when #lightning hits water boom http:// fb.me/10641BQa4,schnauzerhouzer
235,598506c676d31349b060b303,0,,,892875945186656260,,0,Our friends at Cape Coral (FL) Police have sent out this warning re regarding a new telephone scam involving LCEC.,BLPpatrol
236,598506c676d31349b060b304,0,,,892837224500408320,,0,When lightning strikes really close to your house and you jump outta your chair.,TDRLetsPlay
237,598506c676d31349b060b305,0,,#giveaway,892829043661393920,,0,"Wow! I just entered for a chance to win ""Syncwire iPhone Charger Lightning Cable - [Apple..."" by Syncwire. https:// giveaway.amazon.com/p/14b0650cd747 7e14/?ref_=tsm_4_tw_p_tw … #giveaway",aFatFattyCake
238,598506c676d31349b060b306,0,,#Gators,892826579423952896,,0,"Mac called #Gators C T.J. McCoy a "" lightning rod"" for OL last season. Cited energy, drive to play.",ByAndrewOlson
239,598506c676d31349b060b307,0,,,892804363873374208,@YouTube,0,I liked a @YouTube video http:// youtu.be/IpBExGIiO2M?a Dads With Lightning Fast Reflexes Compilation,DoelynDoe
240,598506c676d31349b060b308,10,,#CrystalRiver #Florida #Tampa #Florida,892798097067307008,,1,"Lightning in #CrystalRiver #Florida now near our home! Picture by LucyAnn Cenicola. #Tampa #Florida "" Lightning Capital of the World"" pic.twitter.com/IHCiX2Ga4R",NativeTatanka
241,598506c676d31349b060b309,19,,,892780816593453056,,14,"If you hear thunder, you are close enough to the storm to be struck by lightning . When Thunder Roars, Go Indoors! http:// ow.ly/Hp6y30e6KFx pic.twitter.com/wDvO8wQFxm",FLSERT
242,598506c676d31349b060b30a,0,,#giveaway,892776899927318529,,0,"Wow! I just entered for a chance to win ""Syncwire iPhone Charger Lightning Cable - [Apple..."" by Syncwire. https:// giveaway.amazon.com/p/14b0650cd747 7e14/?ref_=tsm_4_tw_p_tw … #giveaway",mccormackclan
243,598506c676d31349b060b30b,0,,,892772240491769856,,0,Lightning Crashes - Live http:// fb.me/8UpABcL4v,Wicked9mm
244,598506c676d31349b060b30c,1,,,892767364839874560,,0,ecause i get 1000 hugs from 10000 lightning bugs,Yasser__Hussain
245,598506c676d31349b060b30d,3,,#TalesNoir,892743074132230144,,2,“Your Lone Ship in Lightning is a excellent example of the marriage of realism with an added depth of fantasy.” #TalesNoir,bravrayj
246,598506c676d31349b060b30e,2,,,892701551118221312,,0,Lightning here is no joke.,ladydawginfl
247,598506c676d31349b060b30f,0,,,892616483276283904,,0,Person regains pulse after being struck by lightning in Park Tudor parking lot http:// fb.me/8JRCs6rvs,HILLMAN213
248,598506c676d31349b060b310,4,,,892517758910517248,,0,"Don't feel like quoting strangers, so top 5 games: Lightning Returns Dark Souls Dragon's Dogma Jet Set Radio Future Megaman Legends series",Sasquatchulous
249,598506c676d31349b060b311,0,,,892495992272154624,,0,There's a clip of waffle somewhere literally throwing his headset the first time the lightning ever happened. Shit is incredible,noservant_
250,598506c676d31349b060b312,1,,,892476919312199681,,0,"Chill b, people in Miami already don't know how to drive, rain and lightning only make it worse",wavymaurii
251,598506c676d31349b060b313,2,,,892473086448152576,,0,Blue Lightning !,ChemMan3
252,598506c676d31349b060b314,0,,,892473077258432514,,0,i was thinking the same till lightning struck near my house and fried my phone charger,Avionn2
253,598506c676d31349b060b315,1,,,892460980860571648,@YouTube,0,I liked a @YouTube video http:// youtu.be/7ZCJCxctT64?a Tampa Bay Lightning 2017 Hype Video,ItSpursSZN
254,598506c676d31349b060b316,0,,,892457031696883713,,0,"Since we're cleaning house and getting rid of Scaramucci, can we get rid of Beelzebub, too? I know...more thunderbolts & lightning needed.",LoriCeltic1
255,598506c676d31349b060b317,0,,#ThinkSafe,892437641458790400,,0,Learn what you should do if lightning strikes when you’re on a golf course: http:// tkpl.us/9au66 #ThinkSafe pic.twitter.com/4COQg7cw0J,saiains
256,598506c676d31349b060b318,0,,,892406621619585024,@26ladylike,0,The weather is worse today. Right now it's pouring w/loud thunder & lightning . Local weather report brought to you by @26ladylike .,26ladylike
257,598506c676d31349b060b319,0,,,892405349415866368,,0,"At least it's not metal, so it's safe to wear in lightning storms",CT_blog
258,598506c676d31349b060b31a,3,,,892392751433748481,,0,Unpopular Opinion: Having to add fake clouds/sky/stars/ lightning into your shots makes me hold a pic at a pretty low standard.,dreggs
259,598506c676d31349b060b31b,0,,,892364320893538304,@YouTube,0,I liked a @YouTube video http:// youtu.be/GaJdCYP67zM?a Thunder & Lightning - Periodic Table of Videos,justfernandez12
260,598506c676d31349b060b31c,2,,,892349403251576833,@FOX61News,1,Hero dog leads family to unconscious girls after lightning strike in Utah http:// via.fox61.com/KTDLn via @FOX61News,waycoolgizmo
261,598506c676d31349b060b31d,2,,#Lightning #Stars #Rockets #Suns #Astros,892212487004803072,,0,I'm not from Houston...it's a space connection. #Lightning #Stars #Rockets #Suns #Astros,jorgovan45
262,598506c676d31349b060b31e,0,,,892203256696508416,@TB_Times,0,Lightning mourn loss of inspirational fan Tony Colton http://www. tampabay.com/blogs/lightnin g/lightning-mourn-loss-of-inspirational-fan-tony-colton/2332161 … via @TB_Times,MicheleMiller52
263,598506c676d31349b060b31f,0,,,892175458544082945,,0,WHITE LIGHTNING JUG HILLBILLY CORK http:// ivanhoe.ecrater.com/p/27539349/whi te-lightning-jug-hillbilly-cork?utm_source=Twitter&utm_medium=ProductToools&utm_campaign=ShareCrater …,Ivanhoe162Ivan
